Workbook

Sheet Sheet1
A1: Vessel Code | B1: Vessel Name | C1: KAPAL AKTIF 6 BLN | D1: MMSI | E1: Type | F1: Status | G1: Agent | H1: Principal | I1: Flag | J1: DWT | K1: Length | L1: Gross Ton | M1: Horsepower | N1: Draft | O1: LOP | P1: Call Sign | Q1: Direct Call | R1: Country Made | S1: Liner/Tramper | T1: Profile | U1: Hatch Type | V1: Total Hatch | W1: Branch | X1: Status Active | Y1: Update By | Z1: Update Ts | AA1: Document
A2: 1324 | B2: MV. PORT PEGASUS | C2: =VLOOKUP(B2,Sheet2!$A$2:$A$392,1,0) -> #N/A | E2: CARGO | F2: I | G2: TONASA LINES PT | I2: Hongkong | J2: 39675 | K2: 177 | L2: 19887 | M2: 6620 | N2: 10.01 | P2: VRAA8 | R2: Japan | S2: TRAMPER | T2: Y | U2: MAC GREGOR | V2: 4 | X2: Y | Y2: scm_darat1@demo.com | Z2: 14/01/2022 12:42 | AA2: Open
A3: 1603 | B3: TB. BLORO 1603 / BG. ROBBY 320 | C3: =VLOOKUP(B3,Sheet2!$A$2:$A$392,1,0) -> TB. BLORO 1603 / BG. ROBBY 320 | E3: TUG BOAT / TONGKANG | F3: D | G3: TONASA LINES PT | I3: Indonesia | J3: 8000 | K3: 91 | L3: 3317 | P3: YDC6525 | R3: Indonesia | S3: TRAMPER | T3: Y | U3: PONTHON | X3: Y | Y3: mursida.h@sig.id | Z3: 09/03/2025 21:09 | AA3: Open
A4: 1709 | B4: TB. KALTIM DOLPHIN 17-09 / BG. KALTIM FT 80-11 | C4: =VLOOKUP(B4,Sheet2!$A$2:$A$392,1,0) -> TB. KALTIM DOLPHIN 17-09 / BG. KALTIM FT 80-11 | E4: TUG BOAT / TONGKANG | F4: D | G4: TONASA LINES PT | I4: Indonesia | J4: 8000 | K4: 91 | L4: 3315 | P4: YDA6386 | R4: Indonesia | S4: TRAMPER | T4: Y | U4: PONTHON | X4: Y | Y4: mursida.h@sig.id | Z4: 05/12/2024 19:39 | AA4: Open
A5: 4RDI | B5: MV MOHAR | C5: =VLOOKUP(B5,Sheet2!$A$2:$A$392,1,0) -> #N/A | E5: BULK CARRIER | F5: I | G5: KARYA MUDA AGENCY PT | I5: Srilangka | J5: 22530 | K5: 154.35 | L5: 14260 | M5: 6345 | P5: 4RDI | R5: Srilangka | S5: TRAMPER | T5: Y | U5: MAC GREGOR | X5: Y | Y5: farizd@primus.co.id | Z5: 25/04/2022 10:50 | AA5: Open
A6: 4SSM | B6: MV. MEGHNA HARMONY | C6: =VLOOKUP(B6,Sheet2!$A$2:$A$392,1,0) -> #N/A | E6: BULK CARRIER | F6: I | G6: VARIA USAHA LINTAS SEGARA, PT | I6: Bangladesh | J6: 56019 | K6: 189.99 | L6: 31247 | O6: VUS | P6: S2BD4 | R6: Bangladesh | S6: TRAMPER | T6: Y | U6: MAC GREGOR | W6: TUBAN | X6: Y | Y6: bupvuba@gmail.com | Z6: 14/11/2024 09:58 | AA6: Open
A7: 4SST | B7: TB. ASIA TIRTA 1601 / BG. ASIA PERDANA 2706 | C7: =VLOOKUP(B7,Sheet2!$A$2:$A$392,1,0) -> TB. ASIA TIRTA 1601 / BG. ASIA PERDANA 2706 | E7: TUG BOAT / TONGKANG | F7: D | G7: VARIA USAHA LINTAS SEGARA, PT | I7: Indonesia | J7: 4480 | K7: 80.77 | L7: 1465 | O7: VUS | P7: YDA 3115 | R7: Indonesia | S7: TRAMPER | T7: Y | U7: PONTHON | W7: TUBAN | X7: Y | Y7: bupvuba@gmail.com | Z7: 07/01/2025 18:14 | AA7: Open
A8: A-05 | B8: ASIABAY - 105 | C8: =VLOOKUP(B8,Sheet2!$A$2:$A$392,1,0) -> #N/A | E8: TONGKANG | G8: PELAYARAN SEMOGA SUKSES, PT | I8: Indonesia | J8: 3137 | K8: 91.52 | L8: 3137 | P8: - | S8: TRAMPER | X8: Y | AA8: Open
A9: A003 | B9: ADAS 03 | C9: =VLOOKUP(B9,Sheet2!$A$2:$A$392,1,0) -> #N/A | E9: TUG BOAT / TONGKANG | G9: ADAS SEJAHTERA SAMUDRA LINES, PT | I9: Indonesia | J9: 121 | K9: 22.87 | L9: 121 | P9: YD6566 | S9: TRAMPER | X9: Y | AA9: Open
A10: A007 | B10: TB. ASINDO 007 / BG. ASINDO 010 | C10: =VLOOKUP(B10,Sheet2!$A$2:$A$392,1,0) -> TB. ASINDO 007 / BG. ASINDO 010 | E10: TUG BOAT / TONGKANG | F10: D | G10: TONASA LINES PT | I10: Indonesia | J10: 5000 | K10: 82 | L10: 2305 | P10: YDA3618 | R10: Indonesia | S10: TRAMPER | T10: Y | U10: PONTHON | X10: Y | Y10: mursida.h@sig.id | Z10: 27/01/2025 18:08 | AA10: Open
A11: A103 | B11: TB. MAHESA 104 / BG. ALIKA 103 | C11: =VLOOKUP(B11,Sheet2!$A$2:$A$392,1,0) -> #N/A | E11: TUG BOAT / TONGKANG | F11: D | G11: TONASA LINES PT | I11: Indonesia | J11: 8000 | K11: 91 | L11: 3469 | P11: YDA6596 | R11: Indonesia | S11: TRAMPER | T11: Y | U11: PONTHON | X11: Y | Y11: mursida.h@sig.id | Z11: 11/10/2024 18:38 | AA11: Open
A12: A111 | B12: ANUGRAH 11 | C12: =VLOOKUP(B12,Sheet2!$A$2:$A$392,1,0) -> #N/A | E12: TUG BOAT / TONGKANG | G12: DUTA BAHTERA LINE, PT | I12: Indonesia | J12: 42 | K12: 22.12 | L12: 138 | P12: YDB 4455 | S12: TRAMPER | X12: Y | AA12: Open
A13: A138 | B13: AYU 138 | C13: =VLOOKUP(B13,Sheet2!$A$2:$A$392,1,0) -> #N/A | E13: LCT | G13: BUNGA NUSA MAHAKAM, PT | I13: Indonesia | J13: 2255 | K13: 80.78 | L13: 1503 | P13: PNRU | S13: TRAMPER | X13: Y | Y13: WSDL | Z13: 06/12/2017 14:47 | AA13: Open
A14: A230 | B14: ASIAPRIDE 23130 | C14: =VLOOKUP(B14,Sheet2!$A$2:$A$392,1,0) -> #N/A | E14: TONGKANG | G14: ASIA TIRTA PERDANA, PT | I14: Indonesia | J14: 402 | K14: 70.14 | L14: 1339 | P14: - | S14: TRAMPER | X14: Y | Y14: WSDL | Z14: 16/11/2017 16:54 | AA14: Open
A15: A404 | B15: ABADI 4 | C15: =VLOOKUP(B15,Sheet2!$A$2:$A$392,1,0) -> #N/A | E15: TUG BOAT / TONGKANG | F15: D | G15: BAHARI TIRTA JAYA, PT | I15: Indonesia | J15: 190 | K15: 25.3 | L15: 190 | P15: YDA 6178 | S15: TRAMPER | T15: N | X15: Y | Y15: 4ndi.4rnold@gmail.com | Z15: 11/12/2017 11:36 | AA15: Open
A16: A618 | B16: AYU 618 | C16: =VLOOKUP(B16,Sheet2!$A$2:$A$392,1,0) -> #N/A | E16: LCT | G16: BUNGA NUSA MAHAKAM, PT | I16: Indonesia | J16: 600 | K16: 52.2 | L16: 343 | P16: YHWO | S16: TRAMPER | X16: Y | AA16: Open
A17: A808 | B17: ARIN 8 | C17: =VLOOKUP(B17,Sheet2!$A$2:$A$392,1,0) -> #N/A | E17: CURAH CAIR | F17: D | G17: PERTAMINA TRANS KONTINENTAL, PT | I17: Indonesia | J17: 8834 | K17: 112.5 | L17: 5483 | P17: JZAR | S17: TRAMPER | T17: Y | U17: MAC GREGOR | X17: Y | Y17: mambrasar.saint@gmail.com | Z17: 24/11/2017 21:32 | AA17: Open
A18: A881 | B18: ANINDHITA 81 | C18: =VLOOKUP(B18,Sheet2!$A$2:$A$392,1,0) -> #N/A | E18: SPOB/BUNKER | I18: Indonesia | J18: 4532 | K18: 87.11 | L18: 2999 | P18: JZVX | S18: TRAMPER | X18: Y | AA18: Open
A19: A888 | B19: ATMANIWEDHANA 88 | C19: =VLOOKUP(B19,Sheet2!$A$2:$A$392,1,0) -> #N/A | E19: CARGO | G19: SINAR PASIFIC, PT | I19: Indonesia | J19: 2999 | K19: 87.11 | L19: 2999 | P19: JZPX | S19: TRAMPER | X19: Y | AA19: Open
A20: A889 | B20: ARWANA 88 | C20: =VLOOKUP(B20,Sheet2!$A$2:$A$392,1,0) -> #N/A | E20: TUG BOAT / TONGKANG | F20: D | G20: PELAYARAN SKREN SARANA SMD, PT | I20: Indonesia | J20: 123 | K20: 23 | L20: 123 | O20: SES | P20: YDA 6755 | R20: Indonesia | S20: TRAMPER | T20: Y | U20: MAC GREGOR | X20: Y | Y20: arifpelindo4bpp@gmail.com | Z20: 07/12/2017 14:47 | AA20: Open
A21: AA03 | B21: ADMIRAL AMIR 2 | C21: =VLOOKUP(B21,Sheet2!$A$2:$A$392,1,0) -> #N/A | E21: LCT | G21: PELAYARAN LESTARI ABADI SAKTI, PT | I21: Indonesia | J21: 207 | K21: 59.61 | L21: 689 | P21: J Z X G | S21: TRAMPER | X21: Y | AA21: Open
A22: AB09 | B22: ASIA BAY 109 | C22: =VLOOKUP(B22,Sheet2!$A$2:$A$392,1,0) -> #N/A | E22: TONGKANG | G22: PELAYARAN SEMOGA SUKSES, PT | I22: Indonesia | J22: 3165 | K22: 91.5 | L22: 3165 | P22: - | S22: TRAMPER | X22: Y | AA22: Open
A23: ABBA | B23: ABBA MV | C23: =VLOOKUP(B23,Sheet2!$A$2:$A$392,1,0) -> #N/A | E23: CARGO | F23: D | G23: TONASA LINES PT | I23: Indonesia | J23: 50 | K23: 170 | L23: 570 | P23: ABBA | R23: Indonesia | S23: TRAMPER | T23: N | U23: PONTHON | X23: Y | Y23: henky@primus.co.id | Z23: 18/12/2021 22:12 | AA23: Open
A24: ABII | B24: KM ANUGERAH BUANA III | C24: =VLOOKUP(B24,Sheet2!$A$2:$A$392,1,0) -> #N/A | E24: CARGO | F24: D | G24: VARIA USAHA LINTAS SEGARA, PT | I24: Bangladesh | J24: 2167 | K24: 70 | L24: 1445 | O24: VUS | P24: YHXK | R24: Indonesia | S24: TRAMPER | T24: Y | U24: PONTHON | W24: TUBAN | X24: R | Y24: bupvuba@gmail.com | Z24: 23/04/2025 09:04 | AA24: Open
A25: ABLH | B25: MV. ABDULLAH | C25: =VLOOKUP(B25,Sheet2!$A$2:$A$392,1,0) -> #N/A | E25: BULK CARRIER | F25: I | G25: WAHYU SAMUDRO MULYO PADANG PT | J25: 46862 | K25: 185.74 | L25: 26070 | M25: 10150 | N25: 12 | O25: WSM | P25: S2CW | R25: Japan | S25: TRAMPER | U25: MAC GREGOR | V25: 5 | X25: Y | Y25: panji.agrama@sig.id | Z25: 08/04/2023 11:50 | AA25: Open
A26: ABVI | B26: KM ANUGRAH BUANA VI | C26: =VLOOKUP(B26,Sheet2!$A$2:$A$392,1,0) -> #N/A | E26: CARGO | F26: D | G26: ELANO KUSUMA SHIPPING, PT | J26: 3861 | K26: 88.8 | L26: 2302 | O26: EKS | P26: PMIE | R26: Indonesia | S26: TRAMPER | U26: MAC GREGOR | W26: TUBAN | X26: Y | Y26: bupvuba@gmail.com | Z26: 22/12/2022 09:21 | AA26: Open
A27: ADRW | B27: KM. ANDREW | C27: =VLOOKUP(B27,Sheet2!$A$2:$A$392,1,0) -> #N/A | E27: CARGO | F27: D | G27: TONASA LINES PT | I27: Indonesia | J27: 2000 | K27: 59 | L27: 1168 | M27: 1000 | N27: 4.27 | P27: PNPS | R27: Japan | S27: TRAMPER | T27: Y | U27: MAC GREGOR | W27: BIRINGKASSI | X27: Y | Y27: wellem.ariance@sig.id | Z27: 13/07/2022 20:00 | AA27: Open
A28: AENT | B28: ANGGRAINI EXCELLENT | C28: =VLOOKUP(B28,Sheet2!$A$2:$A$392,1,0) -> #N/A | E28: TANKER | I28: Indonesia | J28: 3500 | K28: 90 | L28: 2600 | P28: PNDK | S28: TRAMPER | X28: Y | AA28: Open
A29: AFSA | B29: SOECHI PRESTASI III | C29: =VLOOKUP(B29,Sheet2!$A$2:$A$392,1,0) -> #N/A | E29: TANKER | I29: Indonesia | J29: 17428 | K29: 70.95 | L29: 986 | P29: YHCO | S29: TRAMPER | X29: Y | AA29: Open
A30: AGAG | B30: KM. ANUGRAH AGUNG | C30: =VLOOKUP(B30,Sheet2!$A$2:$A$392,1,0) -> #N/A | E30: CARGO | F30: D | G30: TONASA LINES PT | I30: Indonesia | J30: 2250 | K30: 70 | L30: 1150 | P30: POYZ | R30: Indonesia | S30: TRAMPER | T30: Y | U30: MAC GREGOR | X30: Y | Y30: mursida.h@sig.id | Z30: 29/08/2023 07:19 | AA30: Open
A31: AGAL | B31: ASIKE GLOBAL | C31: =VLOOKUP(B31,Sheet2!$A$2:$A$392,1,0) -> #N/A | E31: CARGO | G31: KARANA LINE, PT | I31: Indonesia | J31: 6174 | K31: 98.66 | L31: 5284 | P31: POOT | S31: TRAMPER | X31: Y | AA31: Open
A32: AGR8 | B32: KM. ANUGERAH VIII | C32: =VLOOKUP(B32,Sheet2!$A$2:$A$392,1,0) -> KM. ANUGERAH VIII | E32: CARGO | F32: D | G32: ELANO KUSUMA SHIPPING, PT | J32: 2000 | K32: 56 | L32: 1257 | O32: EKS | P32: 0000 | R32: Japan | S32: TRAMPER | U32: MAC GREGOR | W32: TUBAN | X32: Y | Y32: bupvuba@gmail.com | Z32: 13/03/2025 07:54 | AA32: Open
A33: AI09 | B33: TB. ARMADA INTAN 09 / BG. SMR 2509 | C33: =VLOOKUP(B33,Sheet2!$A$2:$A$392,1,0) -> #N/A | E33: TUG BOAT / TONGKANG | F33: D | G33: VARIA USAHA LINTAS SEGARA, PT | I33: Indonesia | J33: 3020 | K33: 78 | L33: 2013 | M33: 2000 | N33: 6 | P33: YDA 0918 | R33: Indonesia | S33: TRAMPER | T33: Y | U33: PONTHON | W33: TUBAN | X33: Y | Y33: bupvuba@gmail.com | Z33: 19/03/2022 15:46 | AA33: Open
A34: AILM | B34: KLM. ANUGRAH INDAH | C34: =VLOOKUP(B34,Sheet2!$A$2:$A$392,1,0) -> #N/A | E34: CARGO | F34: D | G34: TONASA LINES PT | J34: 210 | K34: 70 | L34: 150 | P34: AILM | Q34: Y | R34: Indonesia | S34: TRAMPER | U34: MAC GREGOR | X34: Y | Y34: mursida.h@sig.id | Z34: 08/04/2024 17:58 | AA34: Open
A35: AITA | B35: MV ADVAITA | C35: =VLOOKUP(B35,Sheet2!$A$2:$A$392,1,0) -> #N/A | E35: CEMENT CARRIER | F35: I | G35: WAHYU SAMUDRO MULYO PADANG PT | I35: India | J35: 22701 | K35: 159.5 | L35: 14666 | M35: 4500 | N35: 9.2 | O35: WSM | P35: VTHA | R35: India | S35: TRAMPER | T35: Y | U35: MAC GREGOR | X35: Y | Y35: farizd@primus.co.id | Z35: 26/03/2022 21:48 | AA35: Open
A36: AJ07 | B36: AS JAYA - 7 | C36: =VLOOKUP(B36,Sheet2!$A$2:$A$392,1,0) -> #N/A | E36: TUG BOAT / TONGKANG | G36: ANDALAN LANCAR BAHARI, PT | I36: Indonesia | J36: 1 | K36: 30.2 | L36: 292 | P36: YDB4832 | S36: TRAMPER | X36: Y | AA36: Open
A37: AJLM | B37: KLM. ASRI INDAH II | C37: =VLOOKUP(B37,Sheet2!$A$2:$A$392,1,0) -> #N/A | E37: PLM/KLM | F37: D | G37: TONASA LINES PT | J37: 400 | K37: 70 | L37: 150 | P37: 1 | Q37: Y | R37: Indonesia | S37: TRAMPER | U37: MAC GREGOR | X37: Y | Y37: mursida.h@sig.id | Z37: 08/04/2024 17:59 | AA37: Open
A38: AJY1 | B38: ARKA JAYA | C38: =VLOOKUP(B38,Sheet2!$A$2:$A$392,1,0) -> #N/A | E38: CARGO | G38: ARGHANIAGA PANCATUNGGAL, PT | I38: Indonesia | J38: 186 | K38: 24.8 | L38: 66 | P38: YB 6411 | S38: TRAMPER | X38: Y | AA38: Open
A39: AKHG | B39: MV AKIJ HERITAGE | C39: =VLOOKUP(B39,Sheet2!$A$2:$A$392,1,0) -> #N/A | E39: BULK CARRIER | F39: I | G39: VARIA USAHA LINTAS SEGARA, PT | I39: Bangladesh | J39: 56055 | K39: 189.99 | L39: 31236 | O39: VUS | P39: S2ACS | R39: Bangladesh | S39: TRAMPER | T39: Y | U39: MAC GREGOR | W39: TUBAN | X39: Y | Y39: bupvuba@gmail.com | Z39: 18/02/2025 08:25 | AA39: Open
A40: AKIO | B40: MV. AKIJ OCEAN | C40: =VLOOKUP(B40,Sheet2!$A$2:$A$392,1,0) -> MV. AKIJ OCEAN | E40: BULK CARRIER | F40: I | G40: VARIA USAHA LINTAS SEGARA, PT | J40: 45736 | K40: 185.74 | L40: 25982 | O40: VUS | P40: S2AE6 | R40: Bangladesh | S40: TRAMPER | U40: MAC GREGOR | W40: TUBAN | X40: Y | Y40: bupvuba@gmail.com | Z40: 01/01/2025 16:36 | AA40: Open
A41: AKNA | B41: MV. AKUNA | C41: =VLOOKUP(B41,Sheet2!$A$2:$A$392,1,0) -> #N/A | E41: BULK CARRIER | F41: I | G41: UNGGUL SEJAHTERA RAYA PT | J41: 26.544 | K41: 169.37 | L41: 7.289 | N41: 9.8 | O41: USR | P41: C6DW3 | R41: Bahamas Island | S41: TRAMPER | U41: MAC GREGOR | V41: 5 | X41: Y | Y41: panji.agrama@sig.id | Z41: 07/02/2024 15:14 | AA41: Open
A42: AKTR | B42: MV AKIJ STAR | C42: =VLOOKUP(B42,Sheet2!$A$2:$A$392,1,0) -> #N/A | E42: BULK CARRIER | F42: I | G42: VARIA USAHA LINTAS SEGARA, PT | I42: Bangladesh | J42: 58803 | K42: 189.99 | L42: 32379 | O42: VUS | P42: S2BB7 | R42: Bangladesh | S42: TRAMPER | T42: Y | U42: MAC GREGOR | W42: TUBAN | X42: Y | Y42: bupvuba@gmail.com | Z42: 16/04/2025 23:34 | AA42: Open
A43: ALDA | B43: ALTAMANDA | C43: =VLOOKUP(B43,Sheet2!$A$2:$A$392,1,0) -> #N/A | E43: CARGO | G43: DUTA BAHTERA LINE, PT | I43: Indonesia | J43: 216 | K43: 44.35 | L43: 486 | P43: YFIF | S43: TRAMPER | X43: Y | AA43: Open
A44: AM09 | B44: TB. SAFARI 09 / BG. ANUGERAH MULIA 09 | C44: =VLOOKUP(B44,Sheet2!$A$2:$A$392,1,0) -> TB. SAFARI 09 / BG. ANUGERAH MULIA 09 | E44: TUG BOAT / TONGKANG | F44: D | G44: TONASA LINES PT | I44: Indonesia | J44: 9000 | K44: 91 | L44: 3493 | P44: YDB6289 | R44: Indonesia | S44: TRAMPER | T44: Y | U44: PONTHON | X44: Y | Y44: mursida.h@sig.id | Z44: 04/12/2024 12:26 | AA44: Open
A45: AM11 | B45: AS MARINA - 11 | C45: =VLOOKUP(B45,Sheet2!$A$2:$A$392,1,0) -> #N/A | E45: TUG BOAT / TONGKANG | G45: ANDALAN LANCAR BAHARI, PT | I45: Indonesia | J45: 1 | K45: 23.9 | L45: 152 | P45: YDB4258 | S45: TRAMPER | X45: Y | AA45: Open
A46: AMA8 | B46: KM. ANUGERAH MANDIRI 8 | C46: =VLOOKUP(B46,Sheet2!$A$2:$A$392,1,0) -> #N/A | E46: CARGO | F46: D | G46: TONASA LINES PT | I46: Indonesia | J46: 2617 | K46: 82 | L46: 1592 | P46: PMQT | R46: Korea Republlic Of | S46: TRAMPER | T46: Y | U46: MAC GREGOR | W46: BIRINGKASSI | X46: Y | Y46: miftahuljannah@pelsindo.co.id | Z46: 21/03/2022 11:49 | AA46: Open
A47: AMAS | B47: AYER MAS | C47: =VLOOKUP(B47,Sheet2!$A$2:$A$392,1,0) -> #N/A | E47: CONTAINER | G47: ARMADA SAMUDERA RAYA, PT | I47: Indonesia | J47: 5300 | K47: 107.8 | L47: 4990 | P47: YBOU2 | S47: TRAMPER | X47: Y | AA47: Open
A48: AMIA | B48: KM. ARTHA MULIA | C48: =VLOOKUP(B48,Sheet2!$A$2:$A$392,1,0) -> #N/A | E48: CARGO | F48: D | G48: TONASA LINES PT | J48: 1800 | K48: 65.85 | L48: 1016 | M48: 3978 | N48: 1 | O48: BRR | P48: AMIA | Q48: Y | R48: Indonesia | S48: TRAMPER | U48: PONTHON | V48: 1 | X48: Y | Y48: mursida.h@sig.id | Z48: 08/04/2024 17:59 | AA48: Open
A49: ANA1 | B49: KM. ANUGERAH ABADI 1 | C49: =VLOOKUP(B49,Sheet2!$A$2:$A$392,1,0) -> #N/A | E49: CARGO | F49: D | G49: TONASA LINES PT | I49: Indonesia | J49: 1200 | K49: 49 | L49: 592 | P49: YHKT | R49: Japan | S49: TRAMPER | T49: Y | U49: MAC GREGOR | W49: BIRINGKASSI | X49: Y | Y49: miftahuljannah@pelsindo.co.id | Z49: 01/04/2022 12:48 | AA49: Open
A50: ANGR | B50: KM. ANUGERAH BUANA III | C50: =VLOOKUP(B50,Sheet2!$A$2:$A$392,1,0) -> KM. ANUGERAH BUANA III | E50: CARGO | F50: I | G50: VARIA USAHA LINTAS SEGARA, PT | J50: 2300 | K50: 74.13 | L50: 1445 | O50: VUS | P50: YD124 | R50: Indonesia | S50: TRAMPER | U50: PONTHON | W50: TUBAN | X50: Y | Y50: bupvuba@gmail.com | Z50: 13/08/2024 14:26 | AA50: Open
A51: ANIA | B51: ANGELIA | C51: =VLOOKUP(B51,Sheet2!$A$2:$A$392,1,0) -> #N/A | E51: TANKER | I51: Indonesia | J51: 1932 | K51: 73.5 | L51: 963 | P51: PMXH | S51: TRAMPER | X51: Y | AA51: Open
A52: AP01 | B52: ASIA PERDANA 2301 | C52: =VLOOKUP(B52,Sheet2!$A$2:$A$392,1,0) -> #N/A | E52: TONGKANG | G52: ASIA TIRTA PERDANA, PT | I52: Indonesia | J52: 402 | K52: 70.1 | L52: 1338 | P52: - | S52: TRAMPER | X52: Y | AA52: Open
A53: AP02 | B53: ASIA PERDANA 2302 | C53: =VLOOKUP(B53,Sheet2!$A$2:$A$392,1,0) -> #N/A | E53: TONGKANG | G53: ASIA TIRTA PERDANA, PT | I53: Indonesia | J53: 410 | K53: 70.17 | L53: 1365 | P53: - | S53: TRAMPER | X53: Y | AA53: Open
A54: AP05 | B54: TB. ASIA TIRTA 2005 / BG. ASIA PERDANA 3005 | C54: =VLOOKUP(B54,Sheet2!$A$2:$A$392,1,0) -> TB. ASIA TIRTA 2005 / BG. ASIA PERDANA 3005 | E54: TUG BOAT / TONGKANG | F54: D | G54: TONASA LINES PT | I54: Indonesia | J54: 8000 | K54: 91 | L54: 3279 | P54: YDB6929 | R54: Indonesia | S54: TRAMPER | T54: Y | U54: MAC GREGOR | X54: Y | Y54: mursida.h@sig.id | Z54: 26/09/2024 15:27 | AA54: Open
A55: AP07 | B55: AS POWER 7 | C55: =VLOOKUP(B55,Sheet2!$A$2:$A$392,1,0) -> #N/A | E55: TONGKANG | G55: ANDALAN LANCAR BAHARI, PT | I55: Indonesia | J55: 1 | K55: 74 | L55: 2252 | P55: - | S55: TRAMPER | X55: Y | AA55: Open
A56: AP32 | B56: TB. ASIA TIRTA 2001 / BG. ASIA PERDANA 3002 | C56: =VLOOKUP(B56,Sheet2!$A$2:$A$392,1,0) -> #N/A | E56: TUG BOAT / TONGKANG | F56: D | G56: TONASA LINES PT | I56: Indonesia | J56: 8000 | K56: 87 | L56: 3377 | P56: 0000 | R56: Indonesia | S56: TRAMPER | T56: Y | U56: MAC GREGOR | X56: Y | Y56: mursida.h@sig.id | Z56: 09/06/2023 12:37 | AA56: Open
A57: APDA | B57: KM. ASIA PERSADA | C57: =VLOOKUP(B57,Sheet2!$A$2:$A$392,1,0) -> #N/A | E57: CARGO | F57: D | G57: ELANO KUSUMA SHIPPING, PT | J57: 4500 | K57: 90.4 | L57: 2440 | M57: 1600 | N57: 1.5 | O57: BSJ | P57: PMRS | R57: Japan | S57: TRAMPER | U57: PONTHON | V57: 1 | X57: Y | Y57: mursida.h@sig.id | Z57: 08/04/2024 18:00 | AA57: Open
A58: APER | B58: AE PIONEER | C58: =VLOOKUP(B58,Sheet2!$A$2:$A$392,1,0) -> #N/A | E58: TANKER | I58: Indonesia | J58: 1449 | K58: 139.27 | L58: 9457 | P58: PNAR | S58: TRAMPER | X58: Y | AA58: Open
A59: APMA | B59: KM. ASIA PRATAMA | C59: =VLOOKUP(B59,Sheet2!$A$2:$A$392,1,0) -> #N/A | E59: CARGO | F59: D | G59: ELANO KUSUMA SHIPPING, PT | J59: 3700 | K59: 76 | L59: 1478 | M59: 1800 | N59: 4 | O59: EKS | P59: PMIY | R59: Japan | S59: TRAMPER | U59: PONTHON | V59: 2 | W59: TUBAN | X59: Y | Y59: bupvuba@gmail.com | Z59: 03/07/2024 08:19 | AA59: Open
A60: APU8 | B60: TB. APURA 88 / BG. APURA 087 | C60: =VLOOKUP(B60,Sheet2!$A$2:$A$392,1,0) -> #N/A | E60: TUG BOAT / TONGKANG | F60: D | G60: MUTIARA ATLANTIK JAWADWIPA, PT | J60: 8000 | K60: 93 | L60: 3177 | M60: 1658 | N60: 5.5 | O60: MAJ | P60: YDB6444 | R60: Indonesia | S60: TRAMPER | U60: MAC GREGOR | W60: TUBAN | X60: Y | Y60: bupvuba@gmail.com | Z60: 12/10/2024 08:36 | AA60: Open
A61: AR01 | B61: ASIA RIDER 201 | C61: =VLOOKUP(B61,Sheet2!$A$2:$A$392,1,0) -> #N/A | E61: TONGKANG | G61: PELAYARAN SEMOGA SUKSES, PT | I61: Indonesia | J61: 3136 | K61: 91.52 | L61: 3136 | P61: - | S61: TRAMPER | X61: Y | AA61: Open
A62: ARMO | B62: MV AROMO | C62: =VLOOKUP(B62,Sheet2!$A$2:$A$392,1,0) -> #N/A | E62: BULK CARRIER | F62: I | G62: VARIA USAHA LINTAS SEGARA, PT | I62: Panama | J62: 37927 | K62: 179.97 | L62: 23302 | N62: 10.756 | O62: VUS | P62: 3FNO9 | R62: Japan | S62: TRAMPER | T62: Y | U62: MAC GREGOR | V62: 5 | W62: TUBAN | X62: Y | Y62: bupvuba@gmail.com | Z62: 07/04/2025 17:59 | AA62: Open
A63: ARTA | B63: KM. ARTHA PRIMA | C63: =VLOOKUP(B63,Sheet2!$A$2:$A$392,1,0) -> KM. ARTHA PRIMA | E63: CARGO | F63: D | G63: TONASA LINES PT | J63: 1200 | K63: 60.1 | L63: 1000 | M63: 10000 | N63: 5 | O63: BRR | P63: ARTA | R63: Indonesia | S63: TRAMPER | U63: PONTHON | X63: Y | Y63: mursida.h@sig.id | Z63: 08/04/2024 18:01 | AA63: Open
A64: AS02 | B64: ASIA STAR 202 | C64: =VLOOKUP(B64,Sheet2!$A$2:$A$392,1,0) -> #N/A | E64: TONGKANG | G64: PELAYARAN SEMOGA SUKSES, PT | I64: Indonesia | J64: 3136 | K64: 91.52 | L64: 3136 | P64: - | S64: TRAMPER | X64: Y | AA64: Open
A65: AS05 | B65: ASIA STAR 505 | C65: =VLOOKUP(B65,Sheet2!$A$2:$A$392,1,0) -> #N/A | E65: TONGKANG | G65: PELAYARAN SEMOGA SUKSES, PT | I65: Indonesia | J65: 3152 | K65: 91.5 | L65: 3152 | P65: - | S65: TRAMPER | X65: Y | AA65: Open
A66: AS14 | B66: TB. ASIA TIRTA 1201/BG. ASIA PERDANA 2401 | C66: =VLOOKUP(B66,Sheet2!$A$2:$A$392,1,0) -> #N/A | E66: TUG BOAT / TONGKANG | F66: D | G66: VARIA USAHA LINTAS SEGARA, PT | I66: Indonesia | J66: 3697 | K66: 80 | L66: 1465 | O66: VUS | P66: YDA 6080 | R66: Indonesia | S66: TRAMPER | T66: Y | U66: PONTHON | W66: TUBAN | X66: Y | Y66: bupvuba@gmail.com | Z66: 09/11/2024 08:08 | AA66: Open
A67: AS33 | B67: TB. ASP 33 / BG. PERSADA 2733 | C67: =VLOOKUP(B67,Sheet2!$A$2:$A$392,1,0) -> #N/A | E67: TUG BOAT / TONGKANG | F67: D | G67: VARIA USAHA LINTAS SEGARA, PT | J67: 7000 | K67: 87.78 | L67: 2435 | O67: VUS | P67: YDA 2321 | R67: Indonesia | S67: TRAMPER | U67: PONTHON | W67: TUBAN | X67: Y | Y67: bupvuba@gmail.com | Z67: 01/06/2024 17:55 | AA67: Open
A68: ASLM | B68: KLM. AMANAH SELEBES | C68: =VLOOKUP(B68,Sheet2!$A$2:$A$392,1,0) -> #N/A | E68: PLM/KLM | F68: D | G68: TONASA LINES PT | J68: 400 | K68: 70 | L68: 150 | P68: 1 | Q68: Y | R68: Indonesia | S68: TRAMPER | U68: MAC GREGOR | X68: Y | Y68: mursida.h@sig.id | Z68: 08/04/2024 18:02 | AA68: Open
A69: ASOR | B69: AC SPLENDOR | C69: =VLOOKUP(B69,Sheet2!$A$2:$A$392,1,0) -> #N/A | E69: BULK CARRIER | F69: I | G69: TONASA LINES PT | I69: Panama | J69: 32739 | K69: 177 | L69: 19885 | P69: 3EAE9 | R69: Japan | S69: TRAMPER | T69: Y | U69: MAC GREGOR | X69: Y | Y69: mursida.h@sig.id | Z69: 22/12/2022 13:16 | AA69: Open
A70: ASPN | B70: KM. ASIA PIONERR | C70: =VLOOKUP(B70,Sheet2!$A$2:$A$392,1,0) -> #N/A | E70: CARGO | F70: D | G70: TONASA LINES PT | I70: Indonesia | J70: 1057 | K70: 48 | L70: 726 | P70: JHZV | R70: Japan | S70: TRAMPER | T70: Y | U70: MAC GREGOR | X70: Y | Y70: mursida.h@sig.id | Z70: 22/08/2024 06:20 | AA70: Open
A71: ASPU | B71: KM. ASIA PUTRA | C71: =VLOOKUP(B71,Sheet2!$A$2:$A$392,1,0) -> KM. ASIA PUTRA | E71: CARGO | F71: D | G71: TONASA LINES PT | I71: Indonesia | J71: 2150 | K71: 60 | L71: 1145 | M71: 1600 | N71: 5.04 | P71: YDHK | R71: Japan | S71: TRAMPER | T71: Y | U71: MAC GREGOR | X71: Y | Y71: mursida.h@sig.id | Z71: 12/10/2022 09:11 | AA71: Open
A72: ASTI | B72: ARMADA SEJATI | C72: =VLOOKUP(B72,Sheet2!$A$2:$A$392,1,0) -> #N/A | E72: CONTAINER | G72: SALAM PACIFIC BPPN, PT | I72: Indonesia | J72: 8528 | K72: 114 | L72: 6093 | P72: PMUJ | S72: TRAMPER | X72: Y | AA72: Open
A73: ASZU | B73: MV. ASAZURU | C73: =VLOOKUP(B73,Sheet2!$A$2:$A$392,1,0) -> #N/A | E73: CARGO | F73: D | G73: TENDRI DHARMA SAMUDERA PT | I73: Indonesia | J73: 2350 | K73: 76.2 | L73: 1293 | M73: 700 | N73: 4.43 | O73: TDS | P73: YCPW2 | R73: Indonesia | S73: TRAMPER | T73: N | U73: PONTHON | V73: 2 | X73: Y | Y73: panji.agrama@sig.id | Z73: 15/09/2022 13:44 | AA73: Open
A74: AT02 | B74: ASIA TIRTA - 1201 | C74: =VLOOKUP(B74,Sheet2!$A$2:$A$392,1,0) -> #N/A | E74: TUG BOAT / TONGKANG | G74: ASIA TIRTA PERDANA, PT | I74: Indonesia | J74: 42 | K74: 23.5 | L74: 137 | P74: YDA 6080 | S74: TRAMPER | X74: Y | AA74: Open
A75: AT03 | B75: ASIA TIRTA 1202 | C75: =VLOOKUP(B75,Sheet2!$A$2:$A$392,1,0) -> #N/A | E75: TUG BOAT / TONGKANG | G75: ASIA TIRTA PERDANA, PT | I75: Indonesia | J75: 42 | K75: 23.76 | L75: 140 | P75: YD 6554 | S75: TRAMPER | X75: Y | AA75: Open
A76: AT08 | B76: MV. AN THINH PHU 08 | C76: =VLOOKUP(B76,Sheet2!$A$2:$A$392,1,0) -> #N/A | E76: CARGO | F76: I | G76: TONASA LINES PT | J76: 6650 | K76: 104 | L76: 4462 | P76: XVNG | R76: Vietnam Soc Ref Of | S76: TRAMPER | U76: MAC GREGOR | X76: Y | Y76: mursida.h@sig.id | Z76: 08/04/2024 18:02 | AA76: Open
A77: AT0I | B77: ARCINDO TB - I | C77: =VLOOKUP(B77,Sheet2!$A$2:$A$392,1,0) -> #N/A | E77: TUG BOAT / TONGKANG | G77: BINTANG SAMUDRA UTAMA.PT | I77: Indonesia | J77: 185 | K77: 23.5 | L77: 140 | P77: YDB 6406 | S77: TRAMPER | X77: Y | AA77: Open
A78: AT71 | B78: ASIA TRANS 271 | C78: =VLOOKUP(B78,Sheet2!$A$2:$A$392,1,0) -> #N/A | E78: TONGKANG | G78: PELAYARAN SEMOGA SUKSES, PT | I78: Indonesia | J78: 2144 | K78: 82.3 | L78: 2144 | P78: 0 | S78: TRAMPER | X78: Y | AA78: Open
A79: ATHR | B79: KM. ARTHUR | C79: =VLOOKUP(B79,Sheet2!$A$2:$A$392,1,0) -> #N/A | E79: CARGO | F79: D | G79: TONASA LINES PT | I79: Indonesia | J79: 2600 | K79: 74 | L79: 1433 | M79: 1000 | P79: POTI | R79: Japan | S79: TRAMPER | T79: Y | U79: MAC GREGOR | X79: Y | Y79: mursida.h@sig.id | Z79: 15/07/2023 13:56 | AA79: Open
A80: ATK1 | B80: ARCINDO TK.1 | C80: =VLOOKUP(B80,Sheet2!$A$2:$A$392,1,0) -> #N/A | E80: TONGKANG | G80: BINTANG SAMUDRA UTAMA.PT | I80: Indonesia | J80: 4010 | K80: 76.2 | L80: 2005 | P80: - | S80: TRAMPER | X80: Y | AA80: Open
A81: ATNA | B81: ATHENA | C81: =VLOOKUP(B81,Sheet2!$A$2:$A$392,1,0) -> #N/A | E81: TANKER | I81: Indonesia | J81: 4896 | K81: 90.9 | L81: 3129 | P81: POHB | S81: TRAMPER | X81: Y | AA81: Open
A82: ATR6 | B82: TB. ALBATROSS 6 - BG. PELICAN 305 | C82: =VLOOKUP(B82,Sheet2!$A$2:$A$392,1,0) -> #N/A | E82: TUG BOAT / TONGKANG | F82: D | G82: TONASA LINES PT | I82: Indonesia | J82: 8000 | K82: 91 | L82: 3298 | P82: 0000 | R82: Indonesia | S82: TRAMPER | T82: Y | U82: MAC GREGOR | X82: Y | Y82: mursida.h@sig.id | Z82: 19/12/2023 14:14 | AA82: Open
A83: ATR7 | B83: TB. ALBATROSS 7 / BG. PELICAN 306 | C83: =VLOOKUP(B83,Sheet2!$A$2:$A$392,1,0) -> #N/A | E83: TUG BOAT / TONGKANG | F83: D | G83: TONASA LINES PT | I83: Indonesia | J83: 8000 | K83: 91 | L83: 3155 | P83: 0000 | R83: Indonesia | S83: TRAMPER | T83: Y | U83: MAC GREGOR | X83: Y | Y83: mursida.h@sig.id | Z83: 19/12/2023 14:14 | AA83: Open
A84: AUGA | B84: AURIGA | C84: =VLOOKUP(B84,Sheet2!$A$2:$A$392,1,0) -> #N/A | E84: TONGKANG | G84: PERTAMINA TRANS KONTINENTAL, PT | I84: Indonesia | J84: 7500 | K84: 91.44 | L84: 3107 | P84: - | S84: TRAMPER | X84: Y | AA84: Open
A85: AVII | B85: MV. AMRTA - VII | C85: =VLOOKUP(B85,Sheet2!$A$2:$A$392,1,0) -> #N/A | E85: CARGO | F85: D | G85: TONASA LINES PT | I85: Indonesia | J85: 8278 | K85: 99 | L85: 5753 | P85: PMQZ | R85: Japan | S85: TRAMPER | T85: Y | U85: MAC GREGOR | X85: Y | Y85: ambo.masse@sig.id | Z85: 11/05/2022 08:19 | AA85: Open
A86: AVNA | B86: TB. AVERY / BG. NAOMI | C86: =VLOOKUP(B86,Sheet2!$A$2:$A$392,1,0) -> TB. AVERY / BG. NAOMI | E86: TUG BOAT / TONGKANG | F86: D | G86: GLOBAL LOGISTIK AGENSI ,PT | I86: Indonesia | J86: 8000 | K86: 91.44 | L86: 3145 | M86: 1645 | N86: 4 | O86: GLA | P86: YDB4335 | R86: Indonesia | S86: TRAMPER | T86: Y | U86: MAC GREGOR | V86: 0 | X86: R | Y86: mursida.h@sig.id | Z86: 08/03/2025 11:21 | AA86: Open
A87: AW01 | B87: AS WARRIOR - 1 | C87: =VLOOKUP(B87,Sheet2!$A$2:$A$392,1,0) -> #N/A | E87: TUG BOAT / TONGKANG | G87: MARITEL BAHTERA ABADI, PT | I87: Indonesia | J87: 1000 | K87: 23.9 | L87: 152 | P87: YDA4926 | S87: TRAMPER | X87: Y | AA87: Open
A88: AW02 | B88: AS WARRIOR 2 | C88: =VLOOKUP(B88,Sheet2!$A$2:$A$392,1,0) -> #N/A | E88: TONGKANG | G88: MARITEL BAHTERA ABADI, PT | I88: Indonesia | J88: 1878 | K88: 75.29 | L88: 1878 | P88: --- | S88: TRAMPER | X88: Y | AA88: Open
A89: AXVI | B89: ASUMI XXVI | C89: =VLOOKUP(B89,Sheet2!$A$2:$A$392,1,0) -> #N/A | E89: TANKER | I89: Indonesia | J89: 6507 | K89: 90.72 | L89: 3611 | P89: PNWR | S89: TRAMPER | X89: Y | AA89: Open
A90: AXX1 | B90: ALICE XXV | C90: =VLOOKUP(B90,Sheet2!$A$2:$A$392,1,0) -> #N/A | E90: TANKER | I90: Indonesia | J90: 6320 | K90: 105 | L90: 3060 | P90: PNBW | S90: TRAMPER | X90: Y | AA90: Open
A91: AZ18 | B91: TB. LIBERTY 5 / BG. AZAMARA 18 | C91: =VLOOKUP(B91,Sheet2!$A$2:$A$392,1,0) -> #N/A | E91: TUG BOAT / TONGKANG | F91: D | G91: TONASA LINES PT | I91: Indonesia | J91: 8000 | K91: 91 | L91: 3408 | P91: YDC4306 | R91: Indonesia | S91: TRAMPER | T91: Y | U91: MAC GREGOR | X91: Y | Y91: mursida.h@sig.id | Z91: 04/09/2023 09:30 | AA91: Open
A92: AZ27 | B92: TB. VOYAGER 5 / BG. AZAMARA 27 | C92: =VLOOKUP(B92,Sheet2!$A$2:$A$392,1,0) -> #N/A | E92: TUG BOAT / TONGKANG | F92: D | G92: TONASA LINES PT | I92: Indonesia | J92: 10000 | K92: 100 | L92: 4050 | P92: YDA6914 | R92: Indonesia | S92: TRAMPER | T92: Y | U92: PONTHON | X92: Y | Y92: mursida.h@sig.id | Z92: 03/10/2024 21:01 | AA92: Open
A93: AZ28 | B93: TB. OCEAN MASTER 102 / BG. AZAMARA 28 | C93: =VLOOKUP(B93,Sheet2!$A$2:$A$392,1,0) -> #N/A | E93: TUG BOAT / TONGKANG | F93: D | G93: TONASA LINES PT | I93: Indonesia | J93: 10000 | K93: 94 | L93: 4767 | P93: 0000 | R93: Indonesia | S93: TRAMPER | T93: Y | U93: MAC GREGOR | X93: Y | Y93: mursida.h@sig.id | Z93: 25/09/2023 10:45 | AA93: Open
A94: AZ31 | B94: TB. LIBERTY 7 / BG. AZAMARA 31 | C94: =VLOOKUP(B94,Sheet2!$A$2:$A$392,1,0) -> #N/A | E94: TUG BOAT / TONGKANG | F94: D | G94: TONASA LINES PT | I94: Indonesia | J94: 8000 | K94: 91 | L94: 3399 | P94: 0000 | R94: Indonesia | S94: TRAMPER | T94: Y | U94: MAC GREGOR | X94: Y | Y94: mursida.h@sig.id | Z94: 24/07/2023 13:12 | AA94: Open
A95: AZ39 | B95: TB. LIBERTY 10 / BG. AZAMARA 3039 | C95: =VLOOKUP(B95,Sheet2!$A$2:$A$392,1,0) -> TB. LIBERTY 10 / BG. AZAMARA 3039 | E95: TUG BOAT / TONGKANG | F95: D | G95: PANCA GLOBAL ENERGI, PT | J95: 9000 | K95: 91 | L95: 3976 | P95: YD5332 | R95: Indonesia | S95: TRAMPER | U95: MAC GREGOR | W95: TUBAN | X95: Y | Y95: bupvuba@gmail.com | Z95: 21/05/2024 14:34 | AA95: Open
A96: B001 | B96: BMB 01 | C96: =VLOOKUP(B96,Sheet2!$A$2:$A$392,1,0) -> #N/A | E96: TONGKANG | F96: D | G96: SINAR PASIFIC, PT | I96: Indonesia | J96: 1755 | K96: 70.1 | L96: 1755 | O96: FB1 | P96: - | R96: Indonesia | S96: TRAMPER | T96: Y | U96: MAC GREGOR | X96: Y | Y96: arifpelindo4bpp@gmail.com | Z96: 30/11/2017 19:39 | AA96: Open
A97: B212 | B97: BARAMAR 2712 | C97: =VLOOKUP(B97,Sheet2!$A$2:$A$392,1,0) -> #N/A | E97: TONGKANG | G97: PELAYARAN MARINDO PACIFIC, PT | I97: Indonesia | J97: 1 | K97: 82.3 | L97: 2137 | P97: - | S97: TRAMPER | X97: Y | AA97: Open
A98: B301 | B98: BAIDURI 30301 | C98: =VLOOKUP(B98,Sheet2!$A$2:$A$392,1,0) -> #N/A | E98: TONGKANG | G98: BUANA LISTYA TAMA TBK. PT | I98: Indonesia | J98: 3136 | K98: 91.52 | L98: 3136 | P98: - | S98: TRAMPER | X98: Y | AA98: Open
A99: B909 | B99: BBSAS 9 | C99: =VLOOKUP(B99,Sheet2!$A$2:$A$392,1,0) -> #N/A | E99: TONGKANG | G99: SINAR PASIFIC, PT | I99: Indonesia | J99: 1961 | K99: 70.1 | L99: 1961 | P99: - | S99: TRAMPER | X99: Y | AA99: Open
A100: BA02 | B100: TB. FRANSISCUS 02 / BG. ALMANAR | C100: =VLOOKUP(B100,Sheet2!$A$2:$A$392,1,0) -> #N/A | E100: TUG BOAT / TONGKANG | F100: D | G100: TONASA LINES PT | J100: 7500 | K100: 91 | L100: 3266 | P100: YD 6072 | R100: Indonesia | S100: TRAMPER | U100: MAC GREGOR | X100: Y | Y100: mursida.h@sig.id | Z100: 15/12/2022 12:29 | AA100: Open
...

Sheet Sheet2
A1: KAPAL | B1: INT DOM | C1: EXP DOM
A2: PERMATA PRIMA | B2: int_dom: "DOM" | C2: exp_dom: "DOM"
A3: SABUK NUSANTARA 37 | B3: int_dom: "DOM" | C3: exp_dom: "DOM"
A4: SEJAHTERA 32 | B4: int_dom: "INT" | C4: exp_dom: "DOM"
A5: SHINPO | B5: int_dom: "DOM" | C5: exp_dom: "DOM"
A6: TONASA LINE XV | B6: int_dom: "INT" | C6: exp_dom: "DOM"
A7: UNEI | B7: int_dom: "DOM" | C7: exp_dom: "DOM"
A8: BERKAT MAKMUR 8 | B8: int_dom: "INT" | C8: exp_dom: "DOM"
A9: BG. OCEANUS 32TB. MHKL 207 | B9: int_dom: "DOM" | C9: exp_dom: "DOM"
A10: CITRA NUSANTARA 01 | B10: int_dom: "DOM" | C10: exp_dom: "DOM"
A11: FORTUNE ISLAND | B11: int_dom: "INT" | C11: exp_dom: "EXP"
A12: GRACIA 18 | B12: int_dom: "INT" | C12: exp_dom: "DOM"
... A392: UNEI | B392: int_dom: "DOM" | C392: exp_dom: "DOM"
